Aaron=>Aron
Aarons=>Arons
Abbey=>Abi
Abbie=>Abi
Abbot=>Abot
Abbott=>Abot
Abdul=>Abdul
Abe=>Ejb
Abel=>Ejbel
Abercrombie=>Aberkrombi
Abercromby=>Aberkrombi
Aberdare=>Aberder
Abigail=>Abigejl
Abraham=>Abraham
Abrahams=>Abrahams
Abrahamson=>Abrahamson
Abram=>Abram
Abrams=>Abrams
Abramson=>Abramson
Ackerman=>Akerman
Ackland=>Akland
Ackroyd=>Akrojd
Adair=>Ader
Adam=>Adam
Adams=>Adams
Adamson=>Adamson
Addams=>Adams
Addington=>Adington
Addinsell=>Adinsel
Addison=>Adison
Adie=>Ejdi
Adler=>Adler
Adrian=>Adrijan
Adrienne=>Adrijen
Aernout=>Ajernaut
Agar=>Ejgar
Agassi=>Agasi
Agate=>Agat
Agnew=>Egnju
Ahern=>Ahern
Aherne=>Ahern
Ahlberg=>Alberg
Aikman=>Ejkman
Ainge=>Ejnd
Aitken=>Ejtken
Akerman=>Akerman
Akroyd=>Akrojd
Alanis=>Alanis
Albert=>Albert
Albertine=>Albertina
Albright=>Olkok
Alderman=>Olderman
Aldington=>Oldington
Aldridge=>Oldrid
Alec=>Alek
Alex=>Aleks
Alexander=>Aleksander
Alexandra=>Aleksandra
Alexis=>Aleksis
Alfie=>Alfi
Alfonse=>Alfons
Alfred=>Alfred
Algeo=>Ald
Algernon=>Ald
Alisdair=>Alister
Alistair=>Alister
Alister=>Alister
Allardyce=>Alardajs
Allason=>Alason
Allbeury=>Olbjuri
Albrajt=>Olkok
Allen=>Alen
Allenby=>Alenbi
Allerton=>Alerton
Allingham=>Alingam
Allister=>Alister
Allman=>Olman
Allsop=>Olsop
Allsopp=>Olsop
Allworthy=>Olvordi
Almond=>Almond
Aloysius=>Aloišus
Altman=>Altman
Alva=>Alva
Alvin=>Alvin
Alwin=>Alvin
Alwyn=>Alvin
Amanda=>Amanda
Ambler=>Ambler
Ambrose=>Ambroz
Amelia=>Amelija
Amery=>Ejmeri
Amies=>Ejmiz
Amis=>Ejmis
Amiss=>Ejmis
Amory=>Ejmori
Anastasia=>Anastazija
Ancram=>Ankram
Anderson=>Anderson
Andie=>Endi
Andrewes=>Endrus
Andrews=>Endrus
Andy=>Endi
Angela=>And
Angelica=>And
Angelou=>And
Angharad=>Angharad
Angie=>End
Anglesey=>Anglsi
Aniston=>Aniston
Anka=>Enka
Anna=>Ana
Annabel=>Anabel
Annabelle=>Anabela
Annabeth=>Anabet
Annear=>Anir
Annet=>Anet
Annett=>Anet
Annette=>Anet
Annie=>Eni
Annis=>Anis
Ann-Margret=>Anscombe
Anson=>Anson
Antheil=>Antajl
Anthony=>Entoni
Anton=>Anton
Antonia=>Antonija
Antony=>Entoni
Aphra=>Afra
Appleby=>Eplbi
Applegate=>Eplgejt
Appleton=>Eplton
Appleyard=>Epljard
Arabella=>Arabela
Arbuthnot=>Arbatnot
Arbuthnott=>Arbatnot
Arden=>Arden
Arendt=>Arent
Aretha=>Areta
Argyle=>Argajl
Argyll=>Argajl
Arkin=>Arkin
Arkwright=>Arkrajt
Arlen=>Arlen
Arlene=>Arlin
Arlington=>Arlington
Arliss=>Arlis
Arlo=>Arlo
Arlott=>Arlot
Armatrading=>Armatrejding
Armey=>Armi
Armitage=>Armitid
Armstrong=>Armstrong
Arne=>Arn
Arnett=>Arnet
Arnold=>Arnold
Arnott=>Arnot
Aronoff=>Aronof
Arrowsmith=>Arousmit
Arroyo=>Arojo
Arsenio=>Arsenio
Art=>Art
Artemus=>Artemus
Arthur=>Artur
Artie=>Art
Ascham=>Askam
Ash=>Arš
Ashbee=>Ešbi
Ashbery=>Ešberi
Ashburton=>Ašberton
Ashby=>Ešbi
Ashcroft=>Eškroft
Ashdown=>Ešdaun
Ashe=>Eš
Ashford=>Ašford
Ashleigh=>Ešli
Ashley=>Ešli
Ashlie=>Ešli
Ashman=>Ešman
Ashmole=>Ešmol
Ashton=>Ešton
Asimov=>Asimov
Askey=>Aski
Asner=>Azner
Aspel=>Aspel
Aspell=>Aspel
Asquith=>Askvit
Assante=>Asante
Astley=>Astli
Aston=>Aston
Astor=>Astor
Atherton=>Aterton
Atkinson=>Atkinson
Attenborough=>Etenboro
Attlee=>Atli
Attley=>Atli
Atwater=>Atvoter
Auberon=>Oberon
Aubrey=>Obri
Auchincloss=>Okinklos
Auckland=>Okland
Audrey=>Odri
Audubon=>Odubon
Augustin=>Augustus
Augustine=>Augustus
Autry=>Otri
Auty=>Oti
Ava=>Ava
Avalon=>Avalon
Avebury=>Ejvberi
Avedon=>Avedon
Averil=>Averil
Averill=>Averil
Avildsen=>Avildsen
Avnet=>Avnet
Awlinson=>Olinson
Axelrod=>Akselrod
Axworthy=>Aksvordi
Ayckbourn=>Ejkborn
Aykroyd=>Ejkrojd
Aylmer=>Ejlmer
Aylwin=>Ejlvin
Ayto=>Ejto
Ayton=>Ejton
Aytoun=>Ejton
Azinger=>Ejzinger
